	Density	Loading C	Loading Ion	Loading Pt	Mass atten.	Thickness	calc. GSV
0	0.666	0.333	0.333	0.333	6.999134255236303	15	16516.68027318923
1	0.6666666666666666	0.846	0.077	0.077	1.785001325859242	15	12950.4879080368
2	0.666	0.913	0.043	0.043	1.1033104230898836	15	12482.864911228398
3	0.666	0.939	0.03	0.03	0.842574407571357	15	12304.474074806105
4	0.666	0.953	0.023	0.023	0.7022486263226837	15	12208.465729204981
5	0.6666666666666666	0.962	0.019	0.019	0.6217938684864064	15	12153.845894064058
6	0.6666666666666666	0.968	0.016	0.016	0.5617978001743552	15	12112.756586746076
7	0.6673333333333332	0.973	0.014	0.014	0.5215282396084685	15	12085.53448434022
8	0.6666666666666666	0.976	0.012	0.012	0.4818024403325398	15	12057.970431302412
9	0.6666666666666666	0.978	0.011	0.011	0.4618244365098222	15	12044.288162417693
10	0.6666666666666666	0.077	0.077	0.846	17.73856631780547	15	23876.55278552104
11	0.666	0.478	0.043	0.478	10.152039300211847	15	18673.840522089682
12	0.666	0.636	0.03	0.333	7.100582062496894	15	16586.08901656684
13	0.6666666666666666	0.721	0.023	0.256	5.536976842967293	15	15520.090873853533
14	0.6673333333333332	0.774	0.019	0.208	4.521897262129212	15	14827.993601628483
15	0.6673333333333334	0.81	0.016	0.175	3.8450029356421123	15	14363.94765820062
16	0.6673333333333332	0.836	0.014	0.151	3.35784961513097	15	14029.97895235578
17	0.6666666666666666	0.855	0.012	0.133	2.976694275368473	15	13766.638686057355
18	0.6666666666666666	0.871	0.011	0.118	2.666884908531215	15	13554.460577689411
19	0.6666666666666666	0.883	0.01	0.107	2.4456413611639345	15	13402.938246882473
20	0.666	0.043	0.043	0.913	19.159606334292434	15	24836.6539490876
21	0.666	0.333	0.03	0.636	13.412821281466385	15	20904.80820743198
22	0.666	0.488	0.023	0.488	10.33889608735834	15	18801.684535061788
23	0.6666666666666666	0.585	0.019	0.396	8.427779902934681	15	17499.9055295232
24	0.6666666666666666	0.651	0.016	0.333	7.130779713741099	15	16611.633333284153
25	0.6673333333333332	0.699	0.014	0.288	6.1937366053878495	15	15974.125626886434
26	0.6666666666666666	0.735	0.012	0.253	5.468976898810681	15	15473.519978765475
27	0.6666666666666666	0.763	0.011	0.226	4.900240073558972	15	15084.011085044755
28	0.6666666666666666	0.786	0.01	0.204	4.450430223816214	15	14775.951312617597
29	0.6666666666666666	0.805	0.009	0.186	4.074658621626384	15	14518.597867997856
30	0.666	0.03	0.03	0.939	19.69802756322639	15	25205.031954657847
31	0.6666666666666666	0.256	0.023	0.721	15.163894357889134	15	22113.245782573
32	0.6666666666666666	0.396	0.019	0.585	12.339067594303188	15	20178.61609308511
33	0.6666666666666666	0.492	0.016	0.492	10.420029648768896	15	18864.33097212019
34	0.6673333333333334	0.562	0.014	0.425	9.029127341067905	15	17917.932093331026
35	0.666	0.614	0.012	0.373	7.9677820200689276	15	17179.411444498393
36	0.6666666666666666	0.656	0.011	0.333	7.128065875033311	15	16609.77471561448
37	0.6666666666666666	0.689	0.01	0.301	6.456233658394574	15	16149.65922484583
38	0.6666666666666666	0.717	0.009	0.274	5.9003263893679385	15	15768.936866531789
39	0.6666666666666666	0.74	0.008	0.252	5.448178142939739	15	15459.275604161328
40	0.666	0.023	0.023	0.953	19.989039629291696	15	25404.137113840126
41	0.6673333333333332	0.208	0.019	0.774	16.240060564667303	15	22861.398421533864
42	0.6666666666666666	0.333	0.016	0.651	13.710729659645779	15	21118.021719569406
43	0.6673333333333334	0.425	0.014	0.562	11.848848056706132	15	19850.995953508576
44	0.6666666666666666	0.494	0.012	0.494	10.459128384575429	15	18891.108392982893
45	0.6666666666666666	0.548	0.011	0.441	9.361522853487333	15	18139.39495159169
46	0.6666666666666666	0.592	0.01	0.398	8.477971052857665	15	17534.27977506712
47	0.6666666666666666	0.628	0.009	0.363	7.747189353259227	15	17033.791748402135
48	0.6666666666666666	0.659	0.008	0.333	7.128817506244719	15	16610.2894827768
49	0.6666666666666666	0.684	0.008	0.308	6.61337998697304	15	16257.283507078268
50	0.6666666666666666	0.019	0.019	0.962	20.15552241906706	15	25531.84545407173
51	0.6673333333333334	0.175	0.016	0.81	16.987916858848983	15	23374.092450723107
52	0.6673333333333332	0.288	0.014	0.699	14.688029327693137	15	21797.401027244996
53	0.666	0.373	0.012	0.614	12.960958971393989	15	20595.652238774488
54	0.6666666666666666	0.441	0.011	0.548	11.572836252182835	15	19653.84978791162
55	0.6666666666666666	0.495	0.01	0.495	10.483397233730976	15	18907.729318807887
56	0.6666666666666666	0.54	0.009	0.451	9.571182355526744	15	18282.983755888417
57	0.6666666666666666	0.577	0.008	0.415	8.829430866920823	15	17774.98288639184
58	0.6666666666666666	0.609	0.008	0.383	8.160643991169312	15	17316.95304808549
59	0.6666666666666666	0.636	0.007	0.357	7.621132498940767	15	16947.459610774567
60	0.6666666666666666	0.016	0.016	0.968	20.28242484269628	15	25618.756693934592
61	0.6673333333333332	0.151	0.014	0.836	17.52670934323153	15	23743.462464540033
62	0.6666666666666666	0.253	0.012	0.735	15.450945761359073	15	22309.83772042945
63	0.6666666666666666	0.333	0.011	0.656	13.818733783374817	15	21191.990143773968
64	0.6666666666666666	0.398	0.01	0.592	12.490738370139166	15	20282.490351762644
65	0.6666666666666666	0.451	0.009	0.54	11.416572930578578	15	19546.830247722246
66	0.6666666666666666	0.496	0.008	0.496	10.49885593903888	15	18918.316470783095
67	0.6673333333333334	0.534	0.008	0.459	9.729884823598493	15	18398.33745997468
68	0.6666666666666666	0.566	0.007	0.427	9.073929504072058	15	17942.43185302215
69	0.6673333333333332	0.595	0.007	0.399	8.491057798271804	15	17549.05769322719
70	0.6673333333333332	0.014	0.014	0.973	20.362846211430664	15	25687.780443277145
71	0.6666666666666666	0.133	0.012	0.855	17.939024408343762	15	24013.839849794364
72	0.6666666666666666	0.226	0.011	0.763	16.03169988477191	15	22707.576861084122
73	0.6666666666666666	0.301	0.01	0.689	14.498312571063344	15	21657.41100283558
74	0.6666666666666666	0.363	0.009	0.628	13.231752101117053	15	20789.985955651697
75	0.6666666666666666	0.415	0.008	0.577	12.179157986738154	15	20069.09933318407
76	0.6673333333333334	0.459	0.008	0.534	11.277335642092808	15	19459.194741351377
77	0.6673333333333332	0.497	0.007	0.497	10.516029535365675	15	18937.28017254856
78	0.6666666666666666	0.529	0.007	0.464	9.837926135644821	15	18465.66767943195
79	0.6666666666666666	0.558	0.006	0.436	9.263557945967921	15	18072.302051928564
80	0.6666666666666666	0.012	0.012	0.976	20.444846969876274	15	25729.994194769264
81	0.6666666666666666	0.118	0.011	0.871	18.26981559382439	15	24240.387706357196
82	0.6666666666666666	0.204	0.01	0.786	16.506933031795	15	23033.048202375336
83	0.6666666666666666	0.274	0.009	0.717	15.077807932489264	15	22054.288059364146
84	0.6666666666666666	0.333	0.008	0.659	13.87917246685668	15	21233.38258346791
85	0.6666666666666666	0.383	0.008	0.609	12.845302275743382	15	20525.319351914117
86	0.6666666666666666	0.427	0.007	0.566	11.950508370500529	15	19912.504832676794
87	0.6666666666666666	0.464	0.007	0.529	11.186613990017477	15	19389.33903462997
88	0.6666666666666666	0.497	0.006	0.497	10.525731749831746	15	18936.722817734768
89	0.6666666666666666	0.526	0.006	0.468	9.921186780750453	15	18522.69011990996
90	0.6666666666666666	0.011	0.011	0.978	20.486483604547693	15	25758.509737967895
91	0.6666666666666666	0.107	0.01	0.883	18.519439778487452	15	24411.34698962677
92	0.6666666666666666	0.186	0.009	0.805	16.902191688897723	15	23303.74768133642
93	0.6666666666666666	0.252	0.008	0.74	15.558156127460059	15	22383.262526493145
94	0.6666666666666666	0.308	0.008	0.684	14.395148490923134	15	21586.757363150224
95	0.6666666666666666	0.357	0.007	0.636	13.402973060026106	15	20907.24948304321
96	0.6673333333333332	0.399	0.007	0.595	12.541137585449913	15	20325.596101449482
97	0.6666666666666666	0.436	0.006	0.558	11.788194368865376	15	19801.341383423598
98	0.6666666666666666	0.468	0.006	0.526	11.123232778202876	15	19345.93135536521
99	0.666	0.497	0.005	0.497	10.532100433349747	15	18933.87143227001
100	0.6666666666666666	0.077	0.846	0.077	0.4173739534385489	15	12013.845508244947
101	0.666	0.478	0.478	0.043	0.33743877625379987	15	11958.869469327123
102	0.666	0.636	0.333	0.03	0.30774016659876147	15	11938.55022111584
103	0.6666666666666666	0.721	0.256	0.023	0.2920526592871307	15	11928.017131257113
104	0.6673333333333334	0.774	0.208	0.019	0.28247894072416174	15	11921.653870947825
105	0.6673333333333334	0.81	0.175	0.016	0.27598411675346796	15	11917.201334415986
106	0.6673333333333332	0.836	0.151	0.014	0.27128943654776483	15	11913.982889202456
107	0.6666666666666666	0.855	0.133	0.012	0.267761081014242	15	11911.380639017287
108	0.6666666666666666	0.871	0.118	0.011	0.2648534756982117	15	11909.389317056515
109	0.6666666666666666	0.883	0.107	0.01	0.262700203249965	15	11907.914612532459
110	0.666	0.043	0.478	0.478	10.014765254960768	15	18579.920118716516
111	0.666	0.333	0.333	0.333	6.999134255236303	15	16516.68027318923
112	0.6666666666666666	0.488	0.256	0.256	5.415576584980149	15	15436.947883833405
113	0.6673333333333332	0.585	0.208	0.208	4.433339485376287	15	14767.282681986924
114	0.6673333333333334	0.651	0.175	0.175	3.7645629147691597	15	14308.8018785498
115	0.6673333333333332	0.699	0.151	0.151	3.276443767755107	15	13974.171048864957
116	0.6673333333333332	0.735	0.133	0.133	2.91239145762398	15	13724.59442944102
117	0.666	0.763	0.118	0.118	2.6138317542493468	15	13516.336114519476
118	0.6666666666666666	0.786	0.107	0.107	2.388808607059132	15	13364.015388021231
119	0.666	0.805	0.097	0.097	2.1901381416298156	15	13226.452655988942
120	0.666	0.03	0.333	0.636	13.187150514393352	15	20750.40837580857
121	0.6666666666666666	0.256	0.256	0.488	10.092630237475554	15	18640.10602863909
122	0.6666666666666666	0.396	0.208	0.396	8.192167391319273	15	17338.542374068194
123	0.6666666666666666	0.492	0.175	0.333	6.897668093144585	15	16451.982954724954
124	0.6673333333333334	0.562	0.151	0.288	5.965702026636613	15	15817.796171770504
125	0.6666666666666666	0.614	0.133	0.253	5.277644718465856	15	15342.482946186648
126	0.6666666666666666	0.656	0.118	0.226	4.9345164771960395	15	15107.485851348994
127	0.6666666666666666	0.689	0.107	0.204	4.282204439271501	15	14660.739080309075
128	0.6666666666666666	0.717	0.097	0.186	4.100390816899818	15	14536.220990800788
129	0.6666666666666666	0.74	0.089	0.171	3.7843085154548373	15	14319.746758617835
130	0.6666666666666666	0.023	0.256	0.721	15.11889461946727	15	22082.42696171915
131	0.6673333333333332	0.208	0.208	0.585	12.260938788772602	15	20133.5053867492
132	0.6666666666666666	0.333	0.175	0.492	10.350373040268853	15	18816.625482845462
133	0.6673333333333332	0.425	0.151	0.425	8.94435415018949	15	17859.81570233877
134	0.6666666666666666	0.494	0.133	0.373	7.889233445577201	15	17131.073012427638
135	0.666	0.548	0.118	0.333	7.044382624869574	15	16547.638384171987
136	0.6666666666666666	0.592	0.107	0.301	6.3918993349835365	15	16105.598791219058
137	0.666	0.628	0.097	0.274	5.8253699657025955	15	15713.61210880034
138	0.6666666666666666	0.659	0.089	0.252	5.3577954498863996	15	15397.375510445532
139	0.6666666666666666	0.684	0.083	0.233	5.003030165904052	15	15154.408592955488
140	0.6673333333333334	0.019	0.208	0.774	16.279975351036875	15	22888.762064532202
141	0.6673333333333334	0.175	0.175	0.651	13.71526161256081	15	21130.51862855887
142	0.6673333333333334	0.288	0.151	0.562	11.870649538816643	15	19865.941992998378
143	0.6666666666666666	0.373	0.133	0.494	10.480348358404058	15	18905.64124572566
144	0.6666666666666666	0.441	0.118	0.441	9.347123494297314	15	18129.533310461087
145	0.6666666666666666	0.495	0.107	0.398	8.478537267328257	15	17534.66755648421
146	0.6666666666666666	0.54	0.097	0.363	7.723553716830708	15	17017.60448886679
147	0.6659999999999999	0.577	0.089	0.333	7.1134014443531015	15	16594.859804320105
148	0.6666666666666666	0.609	0.083	0.308	6.6263114359605595	15	16266.139825441522
149	0.6666666666666666	0.636	0.077	0.287	6.1698697736678305	15	15953.538145659308
150	0.6673333333333334	0.016	0.175	0.81	16.9724461265115	15	23363.486466447357
151	0.6673333333333332	0.151	0.151	0.699	14.639100155971214	15	21763.857558546304
152	0.6666666666666666	0.253	0.133	0.614	12.901951578231785	15	20564.116570878337
153	0.666	0.333	0.118	0.548	11.509024185963945	15	19602.264883796346
154	0.6666666666666666	0.398	0.107	0.495	10.416452386346077	15	18861.881024328883
155	0.666	0.451	0.097	0.451	9.483577377379884	15	18216.49104049505
156	0.6666666666666666	0.496	0.089	0.415	8.848637000298119	15	17788.136526937506
157	0.6666666666666666	0.534	0.083	0.383	8.109067530871283	15	17281.630049642714
158	0.6666666666666666	0.566	0.077	0.357	7.547807398727116	15	16897.241693808242
159	0.6666666666666666	0.595	0.072	0.333	7.064943054673492	15	16566.54400004405
160	0.6673333333333332	0.014	0.151	0.836	17.548410825342046	15	23758.3399488765
161	0.6673333333333332	0.133	0.133	0.735	15.442510085687054	15	22314.636467758224
162	0.6666666666666666	0.226	0.118	0.656	13.793513574148442	15	21174.71766314846
163	0.6666666666666666	0.301	0.107	0.592	12.486594603793357	15	20279.652424317945
164	0.6666666666666666	0.363	0.097	0.54	11.377488401396647	15	19520.06255650318
165	0.6666666666666666	0.415	0.089	0.496	10.452614966967342	15	18886.647570377034
166	0.6673333333333334	0.459	0.083	0.459	9.715717709395765	15	18388.62517311009
167	0.6673333333333332	0.497	0.077	0.427	9.042887545068137	15	17927.36542228236
168	0.6666666666666666	0.529	0.072	0.399	8.47239176515333	15	17530.458706894675
169	0.666	0.558	0.067	0.374	7.92915873761784	15	17152.986097589102
170	0.6666666666666666	0.012	0.133	0.855	17.930666858216604	15	24008.116042297275
171	0.666	0.118	0.118	0.763	16.06418458396383	15	22718.822724188623
172	0.6666666666666666	0.204	0.107	0.689	14.451321533604052	15	21625.228407647628
173	0.666	0.274	0.097	0.628	13.255322964221023	15	20797.050725242076
174	0.6659999999999999	0.333	0.089	0.577	12.194390645837377	15	20071.180141972178
175	0.6666666666666666	0.383	0.083	0.534	11.230952730178373	15	19419.70515980816
176	0.6673333333333332	0.427	0.077	0.497	10.530379496122176	15	18947.11781014845
177	0.6666666666666666	0.464	0.072	0.464	9.769861458269908	15	18419.05245072045
178	0.6666666666666666	0.497	0.067	0.436	9.237323966908626	15	18054.33527413682
179	0.6666666666666666	0.526	0.064	0.41	8.683529717061077	15	17675.060052224562
180	0.6666666666666666	0.011	0.118	0.871	18.27404815702819	15	24243.28644781004
181	0.6666666666666666	0.107	0.107	0.786	16.50320614426321	15	23030.495781334397
182	0.6666666666666666	0.186	0.097	0.717	15.049071437302104	15	22034.607391693633
183	0.6666666666666666	0.252	0.089	0.659	13.824674480841246	15	21196.058729445474
184	0.6666666666666666	0.308	0.083	0.609	12.833470933117123	15	20517.21645972748
185	0.6666666666666666	0.357	0.077	0.566	11.930316949414376	15	19898.676401422257
186	0.6666666666666666	0.399	0.072	0.529	11.165477058905903	15	19374.86305507602
187	0.6666666666666666	0.436	0.067	0.497	10.532732578073684	15	18941.51745163673
188	0.6666666666666666	0.468	0.064	0.468	9.924098071070123	15	18524.68396560689
189	0.6666666666666666	0.497	0.06	0.443	9.356756445468797	15	18136.130597620064
190	0.6666666666666666	0.01	0.107	0.883	18.54709568082137	15	24430.28759527186
191	0.666	0.097	0.097	0.805	16.917168096907233	15	23302.418519444567
192	0.6666666666666666	0.171	0.089	0.74	15.543683511949666	15	22373.350714550594
193	0.6666666666666666	0.233	0.083	0.684	14.357129406378874	15	21560.719359448678
194	0.6666666666666666	0.287	0.077	0.636	13.41676007832438	15	20916.691752308423
195	0.6666666666666666	0.333	0.072	0.595	12.557359625542599	15	20328.11702887994
196	0.666	0.374	0.067	0.558	11.763067899831523	15	19776.07696922895
197	0.6666666666666666	0.41	0.064	0.526	11.081321278665865	15	19317.227566382295
198	0.6666666666666666	0.443	0.06	0.497	10.514421156987535	15	18928.97656971553
199	0.6673333333333332	0.472	0.057	0.472	9.988445852195479	15	18575.594369589584
200	0.666	0.043	0.913	0.043	0.4247844182106447	15	12018.629767863311
201	0.666	0.333	0.636	0.03	0.367391194801411	15	11979.36236896338
202	0.666	0.488	0.488	0.023	0.33743877625379987	15	11958.869469327123
203	0.6666666666666666	0.585	0.396	0.019	0.31927221183854515	15	11946.658895481158
204	0.6666666666666666	0.651	0.333	0.016	0.306758568866284	15	11938.08871853089
205	0.6673333333333332	0.699	0.288	0.014	0.29773561229069456	15	11932.113105533825
206	0.6666666666666666	0.735	0.253	0.012	0.2909227662626983	15	11927.24330518778
207	0.6666666666666666	0.763	0.226	0.011	0.285669023982438	15	11923.645192224772
208	0.6666666666666666	0.786	0.204	0.01	0.2813763104721596	15	11920.705255832034
209	0.6666666666666666	0.805	0.186	0.009	0.2779043492716375	15	11918.327425337835
210	0.666	0.03	0.636	0.333	6.867303231779644	15	16426.483886264814
211	0.6666666666666666	0.256	0.488	0.256	5.283352102937389	15	15346.391743565053
212	0.6666666666666666	0.396	0.396	0.208	4.310639080921645	15	14680.21301855387
213	0.6666666666666666	0.492	0.333	0.175	3.6611087439551557	15	14235.371341776754
214	0.6673333333333334	0.562	0.288	0.151	3.1840666318076503	15	13910.841761671238
215	0.6666666666666666	0.614	0.253	0.133	2.8238594158329082	15	13661.967185256764
216	0.6666666666666666	0.656	0.226	0.118	2.5460984020696786	15	13471.737925630787
217	0.6666666666666666	0.689	0.204	0.107	2.319138359501687	15	13316.300557810722
218	0.6666666666666666	0.717	0.186	0.097	2.132895132076409	15	13188.74877945473
219	0.6666666666666666	0.74	0.171	0.089	1.9794998967825572	15	13083.69349597648
220	0.666	0.023	0.488	0.488	10.23046994095407	15	18727.50133904785
221	0.6666666666666666	0.208	0.396	0.396	8.303023959681465	15	17414.46434252051
222	0.666	0.333	0.333	0.333	6.999134255236303	15	16516.68027318923
223	0.6673333333333332	0.425	0.288	0.288	6.070813467714906	15	15889.855481372604
224	0.6666666666666666	0.494	0.253	0.253	5.357106980834464	15	15396.90400094083
225	0.6666666666666666	0.548	0.226	0.226	4.806775632467128	15	15020.00040482232
226	0.6666666666666666	0.592	0.204	0.204	4.357128404346236	15	14712.05200652326
227	0.6666666666666666	0.628	0.186	0.186	3.98810067311992	15	14459.31721433073
228	0.6673333333333334	0.659	0.171	0.171	3.679823629734358	15	14250.708731760622
229	0.6666666666666666	0.684	0.158	0.158	3.42215961770113	15	14071.723050176246
230	0.6666666666666666	0.019	0.396	0.585	12.296197908187924	15	20149.2560740543
231	0.6666666666666666	0.175	0.333	0.492	10.346220538089408	15	18813.7815725195
232	0.6673333333333332	0.288	0.288	0.425	8.939307947051994	15	17856.356270040345
233	0.666	0.373	0.253	0.373	7.890685236332757	15	17126.66322822757
234	0.6666666666666666	0.441	0.226	0.333	7.056244134014193	15	16560.586399248517
235	0.6666666666666666	0.495	0.204	0.301	6.385991989737427	15	16101.553047371504
236	0.6666666666666666	0.54	0.186	0.274	5.843495028461472	15	15730.014961825647
237	0.6666666666666666	0.577	0.171	0.252	5.3890090697421265	15	15418.752678230725
238	0.6666666666666666	0.609	0.158	0.233	4.991619327200784	15	15146.59368988891
239	0.6666666666666666	0.636	0.147	0.217	4.660783013559964	15	14920.014926553435
240	0.6666666666666666	0.016	0.333	0.651	13.69386645128214	15	21106.472670268093
241	0.6673333333333334	0.151	0.288	0.562	11.820672232832102	15	19831.679974248807
242	0.6666666666666666	0.253	0.253	0.494	10.405399879812276	15	18854.311531020765
243	0.6666666666666666	0.333	0.226	0.441	9.31363114645395	15	18106.59551783476
244	0.6666666666666666	0.398	0.204	0.398	8.421269446963912	15	17495.44673524402
245	0.6666666666666666	0.451	0.186	0.363	7.6990318851106885	15	17000.81030371614
246	0.6666666666666666	0.496	0.171	0.333	7.0853176405344485	15	16580.497874747358
247	0.6666666666666666	0.534	0.158	0.308	6.564942510106738	15	16224.1102937551
248	0.6666666666666666	0.566	0.147	0.287	6.124491682153877	15	15922.460203384451
249	0.6666666666666666	0.595	0.137	0.268	5.72469960569952	15	15648.65593662341
250	0.6673333333333332	0.014	0.288	0.699	14.702448272753145	15	21807.285957139935
251	0.6666666666666666	0.133	0.253	0.614	12.934833783962024	15	20586.636497509455
252	0.6666666666666666	0.226	0.226	0.548	11.552293610519133	15	19639.78081739087
253	0.6666666666666666	0.301	0.204	0.495	10.456773593815349	15	18889.49567528434
254	0.6666666666666666	0.363	0.186	0.451	9.541916749614924	15	18262.940717919606
255	0.6673333333333332	0.415	0.171	0.415	8.777466735305143	15	17745.405779170767
256	0.6666666666666666	0.459	0.158	0.383	8.129143421004844	15	17295.379357598853
257	0.6673333333333332	0.497	0.147	0.357	7.58032234029098	15	16924.7016035474
258	0.666	0.529	0.137	0.333	7.088994916905687	15	16578.161302439385
259	0.6666666666666666	0.558	0.129	0.313	6.677681359203568	15	16301.321373539882
260	0.6666666666666666	0.012	0.253	0.735	15.464565316707855	15	22319.165299902652
261	0.6666666666666666	0.118	0.226	0.656	13.80639059244671	15	21183.536703747002
262	0.6666666666666666	0.204	0.204	0.592	12.473962633442795	15	20271.00120889052
263	0.6666666666666666	0.274	0.186	0.54	11.395243148549827	15	19532.22219100349
264	0.6666666666666666	0.333	0.171	0.496	10.491368218901744	15	18913.18838085184
265	0.6666666666666666	0.383	0.158	0.459	9.711919753860883	15	18379.370108760857
266	0.6673333333333332	0.427	0.147	0.427	9.03309228264984	15	17920.650265112097
267	0.6666666666666666	0.464	0.137	0.399	8.453395041538123	15	17517.448484114742
268	0.6666666666666666	0.497	0.129	0.374	7.960097287726924	15	17179.60529578791
269	0.6666666666666666	0.526	0.121	0.353	7.490139125007339	15	16857.746615413358
270	0.6666666666666666	0.011	0.226	0.763	16.06072895188064	15	22727.45790151132
271	0.6666666666666666	0.107	0.204	0.689	14.506782693112058	15	21663.211907089346
272	0.6666666666666666	0.186	0.186	0.628	13.230841508263808	15	20789.362320959604
273	0.6666666666666666	0.252	0.171	0.577	12.17948115151296	15	20069.320657966175
274	0.6666666666666666	0.308	0.158	0.534	11.272686570602612	15	19448.28727598671
275	0.6673333333333332	0.357	0.147	0.497	10.493925049763536	15	18922.126408550466
276	0.6666666666666666	0.399	0.137	0.464	9.808162639585888	15	18445.283653097722
277	0.6673333333333332	0.436	0.129	0.436	9.234024137790389	15	18058.39940649921
278	0.666	0.468	0.121	0.41	8.694522706590718	15	17676.63419553611
279	0.6666666666666666	0.497	0.115	0.388	8.256721779246295	15	17382.753522546478
280	0.6666666666666666	0.01	0.204	0.786	16.53980525496077	15	23055.5612922808
281	0.6666666666666666	0.097	0.186	0.717	15.102405700560553	15	22071.13425079057
282	0.6673333333333334	0.171	0.171	0.659	13.863475483429468	15	21232.12687499415
283	0.6666666666666666	0.233	0.158	0.609	12.844638552986396	15	20524.864790321946
284	0.6666666666666666	0.287	0.147	0.566	11.954879067966957	15	19915.498177681635
285	0.666	0.333	0.137	0.529	11.182464543636257	15	19378.838719901232
286	0.6666666666666666	0.374	0.129	0.497	10.515385869278688	15	18929.637269006664
287	0.666	0.41	0.121	0.468	9.907639056258951	15	18506.626323261553
288	0.6673333333333334	0.443	0.115	0.443	9.39100408711894	15	18166.017251463993
289	0.6673333333333332	0.472	0.109	0.42	8.912832911327225	15	17838.206268704176
290	0.6666666666666666	0.009	0.186	0.805	16.933217015813938	15	23324.99589356377
291	0.6666666666666666	0.089	0.171	0.74	15.58207763572387	15	22399.64557011942
292	0.6666666666666666	0.158	0.158	0.684	14.400171071562468	15	21590.197161210748
293	0.6666666666666666	0.217	0.147	0.636	13.415911961497287	15	20916.11090536411
294	0.6666666666666666	0.268	0.137	0.595	12.534642554937736	15	20312.558864458355
295	0.6666666666666666	0.313	0.129	0.558	11.796825101202874	15	19807.252284310474
296	0.6666666666666666	0.353	0.121	0.526	11.103500746827958	15	19332.41754481091
297	0.6666666666666666	0.388	0.115	0.497	10.532154020967809	15	18941.12121716015
298	0.6673333333333332	0.42	0.109	0.472	9.986497033538555	15	18574.25835397114
299	0.666	0.448	0.103	0.448	9.488723426199371	15	18220.011873439253
300	0.6659999999999999	0.03	0.939	0.03	0.42739713294276527	15	12020.41733973162
301	0.6666666666666666	0.256	0.721	0.023	0.383061220683238	15	11990.345861338594
302	0.6666666666666666	0.396	0.585	0.019	0.35584561817541227	15	11971.706802367735
303	0.6666666666666666	0.492	0.492	0.016	0.33743877625379987	15	11959.100569897018
304	0.6673333333333334	0.562	0.425	0.014	0.32441743424094455	15	11950.404869483946
305	0.666	0.614	0.373	0.012	0.31432494776206366	15	11943.055408544755
306	0.6666666666666666	0.656	0.333	0.011	0.3064377780208414	15	11937.869019573873
307	0.6666666666666666	0.689	0.301	0.01	0.3001018182174202	15	11933.52973190317
308	0.6666666666666666	0.717	0.274	0.009	0.294902145248366	15	11929.968649209097
309	0.6666666666666666	0.74	0.252	0.008	0.29055766870412447	15	11926.993262039832
310	0.6666666666666666	0.023	0.721	0.256	4.292502061747076	15	14667.791578688513
311	0.6673333333333332	0.208	0.585	0.208	3.468927717923817	15	14106.128716045172
312	0.6666666666666666	0.333	0.492	0.175	2.9236627113154805	15	13730.319135556261
313	0.6673333333333332	0.425	0.425	0.151	2.536048420381504	15	13466.591883200117
314	0.6666666666666666	0.494	0.373	0.133	2.246327414473299	15	13266.43476859228
315	0.666	0.548	0.333	0.118	2.0261423675419055	15	13114.249732081082
316	0.6666666666666666	0.592	0.301	0.107	1.845835941333502	15	12992.151508354604
317	0.666	0.628	0.274	0.097	1.6986532605256857	15	12890.187645362332
318	0.6666666666666666	0.659	0.252	0.089	1.5761917470944544	15	12807.481187860089
319	0.6666666666666666	0.684	0.233	0.083	1.4727519729704097	15	12736.638734555001
320	0.6666666666666666	0.019	0.585	0.396	7.960892216227688	15	17180.14971582047
321	0.6666666666666666	0.175	0.492	0.333	6.67986196512442	15	16302.81479784821
322	0.6673333333333332	0.288	0.425	0.288	5.76349828221621	15	15679.175084737355
323	0.666	0.373	0.373	0.253	5.075504841526378	15	15200.568038384232
324	0.6666666666666666	0.441	0.333	0.226	4.539969064204312	15	14837.273479771393
325	0.6666666666666666	0.495	0.301	0.204	4.120069296395	15	14549.698125457722
326	0.6666666666666666	0.54	0.274	0.186	3.7603432739682106	15	14303.333763565028
327	0.6666666666666666	0.577	0.252	0.171	3.473880743209854	15	14107.145124999655
328	0.6666666666666666	0.609	0.233	0.158	3.2253336265498884	15	13936.923489703133
329	0.6666666666666666	0.636	0.217	0.147	3.0168015682763665	15	13794.106834060207
330	0.6666666666666666	0.016	0.492	0.492	10.304482251279435	15	18785.196411159573
331	0.6673333333333332	0.151	0.425	0.425	8.893769369922353	15	17825.1372286633
332	0.666	0.253	0.373	0.373	7.82997076470615	15	17085.12349174403
333	0.666	0.333	0.333	0.333	6.999134255236303	15	16516.68027318923
334	0.6666666666666666	0.398	0.301	0.301	6.345988641898577	15	16074.156087881605
335	0.666	0.451	0.274	0.274	5.79657767714003	15	15693.912948985484
336	0.6666666666666666	0.496	0.252	0.252	5.337902177883073	15	15383.75127155952
337	0.6666666666666666	0.534	0.233	0.233	4.949211077009943	15	15117.549692941542
338	0.6666666666666666	0.566	0.217	0.217	4.622670239390748	15	14893.912757950744
339	0.6673333333333334	0.595	0.203	0.203	4.332322862078621	15	14698.030580993054
340	0.6673333333333334	0.014	0.425	0.562	11.931188911047172	15	19907.444852458055
341	0.6666666666666666	0.133	0.373	0.494	10.51263558592871	15	18927.753691616374
342	0.6666666666666666	0.226	0.333	0.441	9.401129167317862	15	18166.51999572376
343	0.6666666666666666	0.301	0.301	0.398	8.506718384132764	15	17553.96786401306
344	0.6666666666666666	0.363	0.274	0.363	7.771442574685956	15	17050.401971316587
345	0.6666666666666666	0.415	0.252	0.333	7.169166371950478	15	16637.923075936484
346	0.6666666666666666	0.459	0.233	0.308	6.64509264344338	15	16279.002448406256
347	0.6673333333333334	0.497	0.217	0.287	6.194718784982857	15	15974.798961613802
348	0.6666666666666666	0.529	0.203	0.268	5.811876426913054	15	15708.36043557852
349	0.6666666666666666	0.558	0.19	0.252	5.460632111542234	15	15467.804912124891
350	0.666	0.012	0.373	0.614	12.764774115372632	15	20461.426130849053
351	0.666	0.118	0.333	0.548	11.370025450220655	15	19507.16447857778
352	0.6666666666666666	0.204	0.301	0.495	10.254831436145754	15	18751.19222290169
353	0.666	0.274	0.274	0.451	9.342806303364696	15	18120.178033687404
354	0.6666666666666666	0.333	0.252	0.415	8.598908102467622	15	17617.10552910999
355	0.666	0.383	0.233	0.383	7.953865629490437	15	17169.8901033429
356	0.6673333333333334	0.427	0.217	0.357	7.401287637706819	15	16801.964088670953
357	0.6666666666666666	0.464	0.203	0.333	6.932761174201733	15	16476.017036171626
358	0.6666666666666666	0.497	0.19	0.313	6.503899953041506	15	16182.304281173027
359	0.6666666666666666	0.526	0.179	0.295	6.134604408388929	15	15929.386072491965
360	0.6666666666666666	0.011	0.333	0.656	13.761163949057533	15	21152.562483244532
361	0.6666666666666666	0.107	0.301	0.592	12.420766539318024	15	20234.568977227602
362	0.6666666666666666	0.186	0.274	0.54	11.322198305528328	15	19482.196212846167
363	0.6666666666666666	0.252	0.252	0.496	10.405399879812276	15	18854.311531020765
364	0.6666666666666666	0.308	0.233	0.459	9.64508165277094	15	18333.594921261058
365	0.6673333333333334	0.357	0.217	0.427	8.976439212067557	15	17881.811665706373
366	0.6673333333333334	0.399	0.203	0.399	8.396603843667425	15	17484.304639818765
367	0.6666666666666666	0.436	0.19	0.374	7.878141793447671	15	17123.47670960586
368	0.6666666666666666	0.468	0.179	0.353	7.440789369154469	15	16823.948612621592
369	0.666	0.497	0.169	0.333	7.042265991914608	15	16546.19022242692
370	0.6666666666666666	0.01	0.301	0.689	14.5410467820152	15	21686.67823944281
371	0.666	0.097	0.274	0.628	13.263591830821142	15	20802.708133276505
372	0.6666666666666666	0.171	0.252	0.577	12.195663819329955	15	20080.403627731772
373	0.6666666666666666	0.233	0.233	0.534	11.28963030642269	15	19459.891475858687
374	0.6673333333333334	0.287	0.217	0.497	10.527734565868819	15	18945.304574157704
375	0.6666666666666666	0.333	0.203	0.464	9.84972791418647	15	18473.750324162505
376	0.6666666666666666	0.374	0.19	0.436	9.255595913712185	15	18066.849121437685
377	0.6659999999999999	0.41	0.179	0.41	8.730645116330226	15	17701.348490852022
378	0.6666666666666666	0.443	0.169	0.388	8.25347426137488	15	17380.52940580694
379	0.6673333333333332	0.472	0.161	0.368	7.854091126506976	15	17112.384214716585
380	0.6666666666666666	0.009	0.274	0.717	14.973205151386487	15	21982.649101346222
381	0.6666666666666666	0.089	0.252	0.659	13.738555596850766	15	21137.07877642986
382	0.6666666666666666	0.158	0.233	0.609	12.694883435386902	15	20422.302502115308
383	0.6666666666666666	0.217	0.217	0.566	11.801028911137507	15	19810.131333607707
384	0.6666666666666666	0.268	0.203	0.529	11.043321583832835	15	19291.20284204765
385	0.6666666666666666	0.313	0.19	0.497	10.349933790050908	15	18816.324655012864
386	0.6666666666666666	0.353	0.179	0.468	9.75295620108679	15	18407.474603584305
387	0.6666666666666666	0.388	0.169	0.443	9.222562103795614	15	18044.225366152823
388	0.6673333333333332	0.42	0.161	0.42	8.768654714387026	15	17739.36468471859
389	0.6666666666666666	0.448	0.153	0.399	8.33988474518829	15	17439.709065821284
390	0.6666666666666666	0.008	0.252	0.74	15.522043974036414	15	22358.53051635174
391	0.6666666666666666	0.083	0.233	0.684	14.35016437586669	15	21555.949242218565
392	0.6666666666666666	0.147	0.217	0.636	13.345235074010667	15	20867.70666102077
393	0.6673333333333334	0.203	0.203	0.595	12.492464054528948	15	20292.227887693873
394	0.6666666666666666	0.252	0.19	0.558	11.711338074232	15	19748.705069105687
395	0.6666666666666666	0.295	0.179	0.526	11.03819471809998	15	19287.69162260274
396	0.666	0.333	0.169	0.497	10.452583109947735	15	18879.467126813637
397	0.6673333333333332	0.368	0.161	0.472	9.927223559296614	15	18533.623332818584
398	0.6666666666666666	0.399	0.153	0.448	9.442793325095874	15	18195.054388580662
399	0.6666666666666666	0.427	0.146	0.427	9.014030231224055	15	17901.40883769098
400	0.666	0.023	0.953	0.023	0.42873077810305027	15	12021.329795477946
401	0.6673333333333332	0.208	0.774	0.019	0.39290320454678906	15	11997.355394328632
402	0.6666666666666666	0.333	0.651	0.016	0.36861451380659205	15	11980.451793355674
403	0.6673333333333334	0.425	0.562	0.014	0.35106346830979246	15	11968.672098997096
404	0.6666666666666666	0.494	0.494	0.012	0.33778909865981294	15	11959.340494035483
405	0.6666666666666666	0.548	0.441	0.011	0.32739821531977936	15	11952.224124398674
406	0.6666666666666666	0.592	0.398	0.01	0.3188150945764656	15	11946.345831105602
407	0.6666666666666666	0.628	0.363	0.009	0.3119879921404599	15	11941.670176217263
408	0.6666666666666666	0.659	0.333	0.008	0.3061185121971932	15	11937.65036505345
409	0.6666666666666666	0.684	0.308	0.008	0.3012936806402363	15	11934.345998747809
410	0.6673333333333332	0.019	0.774	0.208	4.316146906543745	15	14686.941129872986
411	0.6673333333333332	0.175	0.651	0.175	3.658371916575952	15	14236.002476912248
412	0.6673333333333332	0.288	0.562	0.151	3.1834636265724745	15	13910.428370507652
413	0.6666666666666666	0.373	0.494	0.133	2.8245021019662397	15	13662.407339566613
414	0.6666666666666666	0.441	0.441	0.118	2.536048420381504	15	13464.855028171945
415	0.6666666666666666	0.495	0.398	0.107	2.311674396992596	15	13311.188738686997
416	0.6666666666666666	0.54	0.363	0.097	2.127281620307426	15	13184.904272361213
417	0.6659999999999999	0.577	0.333	0.089	1.9730706866708525	15	13077.9390539337
418	0.6666666666666666	0.609	0.308	0.083	1.8421614696707573	15	12989.634985195178
419	0.6666666666666666	0.636	0.287	0.077	1.7296731114202735	15	12912.595458241365
420	0.6666666666666666	0.016	0.651	0.333	6.964793386029893	15	16497.954830312337
421	0.6673333333333332	0.151	0.562	0.288	6.02821919921224	15	15860.65491528939
422	0.6666666666666666	0.253	0.494	0.253	5.320714949468579	15	15371.980311726047
423	0.6666666666666666	0.333	0.441	0.226	4.767366379656439	15	14993.010321214038
424	0.6666666666666666	0.398	0.398	0.204	4.310639080921645	15	14680.21301855387
425	0.6666666666666666	0.451	0.363	0.186	3.9576891822916416	15	14438.489397978803
426	0.6666666666666666	0.496	0.333	0.171	3.6441258363815408	15	14223.740314476505
427	0.6666666666666666	0.534	0.308	0.158	3.3865545723868156	15	14047.338341475317
428	0.6666666666666666	0.566	0.287	0.147	3.1652480197888764	15	13895.772860486075
429	0.6666666666666666	0.595	0.268	0.137	2.9730344244513	15	13764.132176159213
430	0.6673333333333334	0.014	0.562	0.425	8.885415886926516	15	17819.410485586835
431	0.6666666666666666	0.133	0.494	0.373	7.826510635674179	15	17088.116250685387
432	0.6666666666666666	0.226	0.441	0.333	6.998733338931373	15	16521.1991727228
433	0.6666666666666666	0.301	0.398	0.301	6.333865739551102	15	16065.853516160565
434	0.6666666666666666	0.363	0.363	0.274	5.773104667564041	15	15681.806949992359
435	0.6666666666666666	0.415	0.333	0.252	5.319488588530492	15	15371.14041799825
436	0.6666666666666666	0.459	0.308	0.233	4.934612896547675	15	15107.551885748951
437	0.6673333333333332	0.497	0.287	0.217	4.603992269916482	15	14884.273960096058
438	0.6666666666666666	0.529	0.268	0.203	4.316892984145412	15	14684.496108408388
439	0.6666666666666666	0.558	0.252	0.19	4.065243401925137	15	14512.149697865128
440	0.6666666666666666	0.012	0.494	0.494	10.34190953547408	15	18810.82911052835
441	0.6666666666666666	0.118	0.441	0.441	9.237718368820211	15	18054.605386859334
442	0.6666666666666666	0.204	0.398	0.398	8.351170530704149	15	17447.43832412825
443	0.6666666666666666	0.274	0.363	0.363	7.623692041217417	15	16949.212555961767
444	0.666	0.333	0.333	0.333	6.999134255236303	15	16516.68027318923
445	0.666	0.383	0.308	0.308	6.486355879816793	15	16165.846641293638
446	0.6673333333333332	0.427	0.287	0.287	6.045903486912058	15	15872.778405837907
447	0.6666666666666666	0.464	0.268	0.268	5.663503006784502	15	15606.744425913146
448	0.6673333333333332	0.497	0.252	0.252	5.328372839615696	15	15380.874170370227
449	0.6666666666666666	0.526	0.237	0.237	5.032257346352768	15	15174.425314605465
450	0.6666666666666666	0.011	0.441	0.548	11.484402969758843	15	19593.284780555507
451	0.6666666666666666	0.107	0.398	0.495	10.37472987983034	15	18833.306670366474
452	0.6666666666666666	0.186	0.363	0.451	9.464425573552198	15	18209.86959447345
453	0.6666666666666666	0.252	0.333	0.415	8.704193969876279	15	17689.212310169267
454	0.666	0.308	0.308	0.383	8.041762271976225	15	17230.02738641278
455	0.6673333333333332	0.357	0.287	0.357	7.491001295884583	15	16863.467424595663
456	0.6666666666666666	0.399	0.268	0.333	7.01288674258651	15	16530.89236710608
457	0.6673333333333332	0.436	0.252	0.313	6.593945487417962	15	16248.489439615796
458	0.6666666666666666	0.468	0.237	0.295	6.223810184265563	15	15990.480134864007
459	0.6666666666666666	0.497	0.224	0.279	5.894449696255874	15	15764.912115309106
460	0.6666666666666666	0.01	0.398	0.592	12.404517036275841	15	20223.440234244114
461	0.6666666666666666	0.097	0.363	0.54	11.31033515383469	15	19474.07153568958
462	0.6666666666666666	0.171	0.333	0.496	10.396779443896886	15	18848.40768181018
463	0.6666666666666666	0.233	0.308	0.459	9.622517336307016	15	18318.141373058796
464	0.6673333333333332	0.287	0.287	0.427	8.939307947051994	15	17856.356270040345
465	0.6666666666666666	0.333	0.268	0.399	8.381353592586738	15	17468.10969710957
466	0.6666666666666666	0.374	0.252	0.374	7.876289915505428	15	17122.208420132483
467	0.6666666666666666	0.41	0.237	0.353	7.417555292447162	15	16808.03636795398
468	0.6666666666666666	0.443	0.224	0.333	7.022123943104155	15	16537.218617833933
469	0.6666666666666666	0.472	0.212	0.316	6.6578336321012515	15	16287.728326838409
470	0.6666666666666666	0.009	0.363	0.628	13.161459032282835	15	20741.844575909436
471	0.6659999999999999	0.089	0.333	0.577	12.093731020791648	15	20002.310658521063
472	0.6666666666666666	0.158	0.308	0.534	11.189000581118133	15	19390.97353132177
473	0.6673333333333332	0.217	0.287	0.497	10.412612517121605	15	18866.382477118575
474	0.6666666666666666	0.268	0.268	0.464	9.720034666669683	15	18384.927742046508
475	0.6673333333333332	0.313	0.252	0.436	9.149190193642806	15	18000.241366010123
476	0.6666666666666666	0.353	0.237	0.41	8.613451795570654	15	17627.066019726488
477	0.6666666666666666	0.388	0.224	0.388	8.151721082714886	15	17310.842045515335
478	0.6666666666666666	0.42	0.212	0.368	7.726411082127676	15	17019.561403113174
479	0.6666666666666666	0.448	0.202	0.35	7.36586705621378	15	16772.636817898943
480	0.6666666666666666	0.008	0.333	0.659	13.7950642628971	15	21175.779678182793
481	0.6666666666666666	0.083	0.308	0.609	12.75924654780994	15	20466.382652376764
482	0.6666666666666666	0.147	0.287	0.566	11.87050456932882	15	19857.712896047662
483	0.6666666666666666	0.203	0.268	0.529	11.07782291772326	15	19314.831655584734
484	0.6673333333333332	0.252	0.252	0.497	10.405399879812276	15	18861.437842551786
485	0.6666666666666666	0.295	0.237	0.468	9.811565006626406	15	18447.61382087154
486	0.6666666666666666	0.333	0.224	0.443	9.283286615523952	15	18085.81356008517
487	0.6666666666666666	0.368	0.212	0.42	8.796728235727482	15	17752.585944375227
488	0.6666666666666666	0.399	0.202	0.399	8.384312417346099	15	17470.136097559764
489	0.6659999999999999	0.427	0.192	0.38	7.987578244115507	15	17192.955660699787
490	0.6666666666666666	0.008	0.308	0.684	14.333214236382439	15	21544.340656690452
491	0.6666666666666666	0.077	0.287	0.636	13.331621839493735	15	20858.383410474606
492	0.6666666666666666	0.137	0.268	0.595	12.462958797354858	15	20263.46504834843
493	0.6666666666666666	0.19	0.252	0.558	11.702394255579595	15	19742.579745837946
494	0.6666666666666666	0.237	0.237	0.526	11.011847612624052	15	19269.647368299127
495	0.6666666666666666	0.279	0.224	0.497	10.416798541531342	15	18862.118094476766
496	0.6666666666666666	0.316	0.212	0.472	9.884057234128473	15	18497.26133108012
497	0.6666666666666666	0.35	0.202	0.448	9.404329730526186	15	18168.711954779697
498	0.6659999999999999	0.38	0.192	0.427	8.957565094382236	15	17856.60300989161
499	0.6666666666666666	0.408	0.184	0.408	8.575137303879632	15	17600.82570151703
500	0.6666666666666666	0.019	0.962	0.019	0.4300845297149336	15	12022.550558250767
501	0.6673333333333334	0.175	0.81	0.016	0.39930458379218303	15	12001.743869685759
502	0.6673333333333332	0.288	0.699	0.014	0.3771847031636907	15	11986.579551603747
503	0.666	0.373	0.614	0.012	0.36106684136241063	15	11975.035361443648
504	0.6666666666666666	0.441	0.548	0.011	0.3479491670915637	15	11966.298786235442
505	0.6666666666666666	0.495	0.495	0.01	0.33743877625379987	15	11959.100569897018
506	0.6666666666666666	0.54	0.451	0.009	0.3291154207238907	15	11953.400181139768
507	0.6666666666666666	0.577	0.415	0.008	0.3218847890815631	15	11948.448162548993
508	0.6666666666666666	0.609	0.383	0.008	0.3157624815011722	15	11944.255198164103
509	0.6666666666666666	0.636	0.357	0.007	0.3106929223942689	15	11940.783226117088
510	0.6673333333333334	0.016	0.81	0.175	2.5910581518110822	15	13504.30388892992
511	0.6673333333333332	0.151	0.699	0.151	2.24095113286688	15	13264.287485261959
512	0.6666666666666666	0.253	0.614	0.133	1.9816715244978251	15	13085.180771411076
513	0.666	0.333	0.548	0.118	1.788495533346583	15	12951.656093297026
514	0.6666666666666666	0.398	0.495	0.107	1.6286239780926612	15	12843.390275129726
515	0.666	0.451	0.451	0.097	1.4986944524610752	15	12753.379468134834
516	0.6666666666666666	0.496	0.415	0.089	1.3946931064109451	15	12683.178818810642
517	0.6666666666666666	0.534	0.383	0.083	1.3034858797942066	15	12620.714029541725
518	0.6666666666666666	0.566	0.357	0.077	1.2283123654595802	15	12569.230195357752
519	0.6666666666666666	0.595	0.333	0.072	1.1584418380437875	15	12521.378200148256
520	0.6673333333333332	0.014	0.699	0.288	5.784637042441515	15	15693.66679422258
521	0.6666666666666666	0.133	0.614	0.253	5.0841578528504385	15	15209.970241488838
522	0.6666666666666666	0.226	0.548	0.226	4.540863247286428	15	14837.88587595823
523	0.6666666666666666	0.301	0.495	0.204	4.121679293775154	15	14550.800758996811
524	0.6666666666666666	0.363	0.451	0.186	3.7649334823318448	15	14306.477444266337
525	0.6673333333333332	0.415	0.415	0.171	3.468287416271055	15	14105.689756265327
526	0.6666666666666666	0.459	0.383	0.158	3.2263096701387166	15	13937.591949422334
527	0.6673333333333332	0.497	0.357	0.147	3.010657230876249	15	13791.9606809683
528	0.666	0.529	0.333	0.137	2.8240667488741433	15	13660.17507156486
529	0.6666666666666666	0.558	0.313	0.129	2.666711600766983	15	13554.341884978614
530	0.666	0.012	0.614	0.373	8.031342306851801	15	17222.898235918015
531	0.666	0.118	0.548	0.333	7.176831759909117	15	16638.257671791787
532	0.6666666666666666	0.204	0.495	0.301	6.4912757167765065	15	16173.658362563003
533	0.666	0.274	0.451	0.274	5.948090993513622	15	15797.575602505938
534	0.6666666666666666	0.333	0.415	0.252	5.475689676480549	15	15478.117336432311
535	0.666	0.383	0.383	0.233	5.075504841526378	15	15200.568038384232
536	0.6673333333333332	0.427	0.357	0.217	4.744045393622931	15	14980.287593801137
537	0.6666666666666666	0.464	0.333	0.203	4.444742243867076	15	14772.055804749763
538	0.6666666666666666	0.497	0.313	0.19	4.191864461996413	15	14598.868241205942
539	0.6666666666666666	0.526	0.295	0.179	3.9595828710448213	15	14439.786322282896
540	0.6666666666666666	0.011	0.548	0.441	8.922144102246293	15	17838.479090825076
541	0.6666666666666666	0.107	0.495	0.398	8.02885513597456	15	17226.695254124443
542	0.6666666666666666	0.186	0.451	0.363	7.302290589817829	15	16729.095415279902
543	0.6666666666666666	0.252	0.415	0.333	6.720207570155427	15	16330.446157880448
544	0.666	0.308	0.383	0.308	6.209319585318923	15	15976.303450658754
545	0.6673333333333332	0.357	0.357	0.287	5.773104667564041	15	15685.76075694235
546	0.6666666666666666	0.399	0.333	0.268	5.4093815466219795	15	15432.705108563172
547	0.6673333333333332	0.436	0.313	0.252	5.0790535477150875	15	15209.952947518184
548	0.6666666666666666	0.468	0.295	0.237	4.798558760631833	15	15014.372943198054
549	0.6666666666666666	0.497	0.279	0.224	4.5397582996020525	15	14837.129134120793
550	0.6666666666666666	0.01	0.495	0.495	10.379635760383401	15	18836.666544427913
551	0.666	0.097	0.451	0.451	9.45128884731714	15	18194.39981587737
552	0.6673333333333332	0.171	0.415	0.415	8.67871550258597	15	17677.70672016158
553	0.666	0.233	0.383	0.383	8.048117223147703	15	17234.3753283442
554	0.6673333333333332	0.287	0.357	0.357	7.485855014282684	15	16859.939383352514
555	0.666	0.333	0.333	0.333	6.999134255236303	15	16516.68027318923
556	0.6666666666666666	0.374	0.313	0.313	6.58850132613026	15	16240.244941555742
557	0.6666666666666666	0.41	0.295	0.295	6.211785773636212	15	15982.245016837653
558	0.6673333333333332	0.443	0.279	0.279	5.888984720670139	15	15765.202505031984
559	0.6666666666666666	0.472	0.264	0.264	5.578262654618385	15	15548.366150059644
560	0.6666666666666666	0.009	0.451	0.54	11.521820628844512	15	19618.910888007977
561	0.6666666666666666	0.089	0.415	0.496	10.591415886660009	15	18981.707693577217
562	0.6666666666666666	0.158	0.383	0.459	9.802774832262056	15	18441.593723455204
563	0.6673333333333332	0.217	0.357	0.427	9.149187216308995	15	18000.239324894363
564	0.6666666666666666	0.268	0.333	0.399	8.558775622981479	15	17589.62013165925
565	0.6666666666666666	0.313	0.313	0.374	8.041762271976225	15	17235.534921334118
566	0.6673333333333332	0.353	0.295	0.353	7.601233129289437	15	16939.037027008504
567	0.6666666666666666	0.388	0.279	0.333	6.719564844787637	15	16330.005976700226
568	0.6666666666666666	0.42	0.264	0.316	6.828590848202467	15	16404.67425223893
569	0.666	0.448	0.251	0.3	6.511641037603834	15	16183.14628606166
570	0.6666666666666666	0.008	0.415	0.577	12.005036469846921	15	19949.849310315825
571	0.6666666666666666	0.083	0.383	0.534	11.08060884622855	15	19316.739645153728
572	0.6673333333333332	0.147	0.357	0.497	10.290909657567973	15	18782.94889514053
573	0.6666666666666666	0.203	0.333	0.464	9.63208861877617	15	18324.696425379174
574	0.6673333333333332	0.252	0.313	0.436	9.03352213792138	15	17920.94495305261
575	0.6666666666666666	0.295	0.295	0.41	8.506718384132764	15	17553.96786401306
576	0.6666666666666666	0.333	0.279	0.388	8.055824208322978	15	17245.165472806795
577	0.6666666666666666	0.368	0.264	0.368	7.6368818284813464	15	16958.24580159926
578	0.6666666666666666	0.399	0.251	0.35	7.260563405891041	15	16700.517857914576
579	0.666	0.427	0.239	0.333	6.9327041820477255	15	16471.23002614094
580	0.6666666666666666	0.008	0.383	0.609	12.836519154557404	15	20519.30408498455
581	0.6666666666666666	0.077	0.357	0.566	11.932263906688288	15	19900.009807560586
582	0.666	0.137	0.333	0.529	11.17628765610447	15	19374.612605871338
583	0.6666666666666666	0.19	0.313	0.497	10.48820772195296	15	18911.023861841517
584	0.6666666666666666	0.237	0.295	0.468	9.88160147998753	15	18495.57946692746
585	0.6673333333333332	0.279	0.279	0.443	9.361670353046922	15	18145.907465092525
586	0.6666666666666666	0.316	0.264	0.42	8.877987749185817	15	17808.237876492392
587	0.6666666666666666	0.35	0.251	0.399	8.443003658805619	15	17510.331772460675
588	0.666	0.38	0.239	0.38	8.049744392285909	15	17235.48860785408
589	0.6666666666666666	0.408	0.229	0.363	7.7051217011477675	15	17004.981015726065
590	0.6666666666666666	0.007	0.357	0.636	13.196814359199045	15	20766.058260803453
591	0.6666666666666666	0.072	0.333	0.595	12.305196103474909	15	20155.418638066516
592	0.6666666666666666	0.129	0.313	0.558	11.528418911318195	15	19623.429831731453
593	0.6666666666666666	0.179	0.295	0.526	10.869411309318078	15	19172.09749204164
594	0.6666666666666666	0.224	0.279	0.497	10.261874121407313	15	18756.015523281156
595	0.6666666666666666	0.264	0.264	0.472	9.720034666669683	15	18384.927742046508
596	0.666	0.3	0.251	0.448	9.250917823042904	15	18057.309607821575
597	0.666	0.333	0.239	0.427	8.810498995090047	15	17755.9830613589
598	0.6666666666666666	0.363	0.229	0.408	8.42527130310723	15	17498.187473121372
599	0.6673333333333334	0.391	0.219	0.391	8.06025292322946	15	17253.718750574437
600	0.6666666666666666	0.016	0.968	0.016	0.4300845297149336	15	12022.550558250767
601	0.6673333333333332	0.151	0.836	0.014	0.4042191912862997	15	12005.113086389083
602	0.6666666666666666	0.253	0.735	0.012	0.38461190559924463	15	11991.407873748069
603	0.6666666666666666	0.333	0.656	0.011	0.36861451380659205	15	11980.451793355674
604	0.6666666666666666	0.398	0.592	0.01	0.3563475234060717	15	11972.05054053004
605	0.6666666666666666	0.451	0.54	0.009	0.34624858060635894	15	11965.134111237941
606	0.6666666666666666	0.496	0.496	0.008	0.33743877625379987	15	11959.100569897018
607	0.6673333333333334	0.534	0.459	0.008	0.3303005268258751	15	11954.438032626287
608	0.6666666666666666	0.566	0.427	0.007	0.32415785028298866	15	11950.004906397142
609	0.6673333333333332	0.595	0.399	0.007	0.3188150945764656	15	11946.564176936708
610	0.6673333333333332	0.014	0.836	0.151	2.5910581518110822	15	13504.30388892992
611	0.6673333333333332	0.133	0.735	0.133	2.297689600134605	15	13303.184628496332
612	0.6666666666666666	0.226	0.656	0.118	2.069466406740233	15	13145.308559762827
613	0.6666666666666666	0.301	0.592	0.107	1.8794093196845347	15	13015.144796074615
614	0.6666666666666666	0.363	0.54	0.097	1.7312658115020305	15	12913.686245437357
615	0.6666666666666666	0.415	0.496	0.089	1.607710782814709	15	12829.067524790367
616	0.6673333333333334	0.459	0.459	0.083	1.4986944524610752	15	12755.43227988285
617	0.6673333333333332	0.497	0.427	0.077	1.4095634952413647	15	12694.32841549341
618	0.6666666666666666	0.529	0.399	0.072	1.3322451483013902	15	12640.410293900011
619	0.666	0.558	0.374	0.067	1.2645176409364596	15	12593.15995570766
620	0.6666666666666666	0.012	0.735	0.253	4.3400503162922845	15	14700.355793284709
621	0.6666666666666666	0.118	0.656	0.226	3.871439522361296	15	14379.419880881173
622	0.6666666666666666	0.204	0.592	0.204	3.4990223726551246	15	14124.363788952407
623	0.6666666666666666	0.274	0.54	0.186	3.1834636265724745	15	13908.248122385268
624	0.6666666666666666	0.333	0.496	0.171	2.934002869983332	15	13737.400765555918
625	0.6666666666666666	0.383	0.459	0.158	2.7235360383897884	15	13593.259048158552
626	0.6673333333333332	0.427	0.427	0.147	2.536048420381504	15	13466.591883200117
627	0.6666666666666666	0.464	0.399	0.137	2.3814284204853946	15	13358.960944243097
628	0.6666666666666666	0.497	0.374	0.129	2.246327414473299	15	13266.43476859228
629	0.6666666666666666	0.526	0.353	0.121	2.127281620307426	15	13184.904272361213
630	0.6666666666666666	0.011	0.656	0.333	6.997915568222162	15	16520.639108823085
631	0.6666666666666666	0.107	0.592	0.301	6.33699268810725	15	16067.995058995051
632	0.6666666666666666	0.186	0.54	0.274	5.793853712882868	15	15696.01727949638
633	0.6666666666666666	0.252	0.496	0.252	5.320714949468579	15	15371.980311726047
634	0.6666666666666666	0.308	0.459	0.233	4.93791246149503	15	15109.811647795896
635	0.6673333333333332	0.357	0.427	0.217	4.608779846196931	15	14887.556090356069
636	0.6673333333333334	0.399	0.399	0.203	4.310639080921645	15	14683.165231572424
637	0.6666666666666666	0.436	0.374	0.19	4.061232267662509	15	14509.40260571313
638	0.6666666666666666	0.468	0.353	0.179	3.840643034157381	15	14358.328392659918
639	0.666	0.497	0.333	0.169	3.6441258363815408	15	14221.244574162029
640	0.6666666666666666	0.01	0.592	0.398	8.031342306851801	15	17228.39863455257
641	0.6666666666666666	0.097	0.54	0.363	7.320649968182412	15	16741.669141542527
642	0.6666666666666666	0.171	0.496	0.333	6.728790481220667	15	16336.324307571995
643	0.6666666666666666	0.233	0.459	0.308	6.207356022110602	15	15979.211227676147
644	0.6673333333333332	0.287	0.427	0.287	5.78142557339862	15	15691.465166695969
645	0.6666666666666666	0.333	0.399	0.268	5.4122615884672545	15	15434.677553221607
646	0.6666666666666666	0.374	0.374	0.252	5.089228343696787	15	15213.442851653139
647	0.6666666666666666	0.41	0.353	0.237	4.804195888787508	15	15018.233624367604
648	0.6666666666666666	0.443	0.333	0.224	4.539969064204312	15	14837.273479771393
649	0.6666666666666666	0.472	0.316	0.212	4.304683257910355	15	14676.134073900872
650	0.6666666666666666	0.009	0.54	0.451	8.922144102246293	15	17838.479090825076
651	0.6666666666666666	0.089	0.496	0.415	8.937587664573801	15	17849.055871877776
652	0.6666666666666666	0.158	0.459	0.383	7.555008244400078	15	16902.173312981467
653	0.6673333333333332	0.217	0.427	0.357	6.998733338931373	15	16525.99237189552
654	0.6666666666666666	0.268	0.399	0.333	6.540464529299372	15	16207.34614063283
655	0.6666666666666666	0.313	0.374	0.313	6.8032988264216065	15	16387.352589588612
656	0.6673333333333332	0.353	0.353	0.295	5.773104667564041	15	15685.76075694235
657	0.6666666666666666	0.388	0.333	0.279	6.0789311146137734	15	15891.25728936182
658	0.6666666666666666	0.42	0.316	0.264	5.1843552111144735	15	15278.592072251933
659	0.666	0.448	0.3	0.251	5.498594112386906	15	15490.038017282275
660	0.6666666666666666	0.008	0.496	0.496	10.379635760383401	15	18836.666544427913
661	0.6673333333333334	0.083	0.459	0.459	9.610149756539453	15	18316.252901158583
662	0.6673333333333332	0.147	0.427	0.427	8.949251196389131	15	17863.172879869737
663	0.6673333333333334	0.203	0.399	0.399	8.351170530704149	15	17453.157762452378
664	0.6666666666666666	0.252	0.374	0.374	7.851243586836624	15	17105.055024504843
665	0.6673333333333332	0.295	0.353	0.353	7.40936955574627	15	16807.504659975173
666	0.666	0.333	0.333	0.333	6.999134255236303	15	16516.68027318923
667	0.6666666666666666	0.368	0.316	0.316	6.6484150061250205	15	16281.277823861488
668	0.666	0.399	0.3	0.3	6.3322803899461135	15	16060.430995298033
669	0.6659999999999999	0.427	0.286	0.286	6.033532684827925	15	15856.033252664402
670	0.6673333333333334	0.008	0.459	0.534	10.98337984018935	15	19257.67289062423
671	0.6673333333333332	0.077	0.427	0.497	10.21135243878819	15	18728.408321818315
672	0.6666666666666666	0.137	0.399	0.464	9.542846246559193	15	18263.577299393506
673	0.6666666666666666	0.19	0.374	0.436	8.933542790123177	15	17846.285672195692
674	0.6666666666666666	0.237	0.353	0.41	8.421036542863853	15	17495.287226989356
675	0.6666666666666666	0.279	0.333	0.388	7.965603699228048	15	17183.376453477984
676	0.6666666666666666	0.316	0.316	0.368	7.540710638483741	15	16892.38135927623
677	0.6666666666666666	0.35	0.3	0.35	7.175855508823915	15	16642.50424280987
678	0.666	0.38	0.286	0.333	6.845735138513099	15	16411.72738939114
679	0.6666666666666666	0.408	0.274	0.318	6.545613983526584	15	16210.872830184573
680	0.6666666666666666	0.007	0.427	0.566	12.005036469846921	15	19949.849310315825
681	0.6666666666666666	0.072	0.399	0.529	11.24067939102115	15	19426.36662559735
682	0.6666666666666666	0.129	0.374	0.497	10.569600363571478	15	18966.766968997985
683	0.6666666666666666	0.179	0.353	0.468	9.975702238424116	15	18560.025939688727
684	0.6666666666666666	0.224	0.333	0.443	9.42372218909873	15	18181.99320324075
685	0.6666666666666666	0.264	0.316	0.42	8.951275626206598	15	17858.430300534692
686	0.666	0.3	0.3	0.399	8.506718384132764	15	17548.141896149045
687	0.666	0.333	0.286	0.38	8.121958945854995	15	17284.89649110117
688	0.6666666666666666	0.363	0.274	0.363	7.771442574685956	15	17050.401971316587
689	0.6673333333333332	0.391	0.262	0.348	7.450775292424574	15	16835.89042624378
690	0.6673333333333332	0.007	0.399	0.595	12.441072999634123	15	20256.996671211105
691	0.666	0.067	0.374	0.558	11.684660994909368	15	19722.432391886883
692	0.6666666666666666	0.121	0.353	0.526	11.016594308346924	15	19272.89822197653
693	0.666	0.169	0.333	0.497	10.396779443896886	15	18841.28727412837
694	0.6666666666666666	0.212	0.316	0.472	9.867152914172916	15	18485.68412581989
695	0.666	0.251	0.3	0.448	9.390024058345794	15	18152.48356228233
696	0.6659999999999999	0.286	0.286	0.427	8.939307947051994	15	17844.111801968334
697	0.6666666666666666	0.318	0.274	0.408	8.564893417224138	15	17593.81000500957
698	0.6673333333333332	0.348	0.262	0.391	8.190148009454035	15	17342.76852610816
699	0.666	0.374	0.251	0.374	7.861958532777447	15	17107.008940481035
700	0.6673333333333332	0.014	0.973	0.014	0.43145718777841524	15	12023.78613664918
701	0.6666666666666666	0.133	0.855	0.012	0.4073204611183131	15	12006.960206471229
702	0.6666666666666666	0.226	0.763	0.011	0.3894721625267067	15	11994.736501709123
703	0.6666666666666666	0.301	0.689	0.01	0.3751059877336972	15	11984.897587465884
704	0.6666666666666666	0.363	0.628	0.009	0.3632912645516675	15	11976.806077382618
705	0.6666666666666666	0.415	0.577	0.008	0.3534035302086392	15	11970.034297722223
706	0.6673333333333334	0.459	0.534	0.008	0.3450082614268228	15	11964.520942633826
707	0.6673333333333332	0.497	0.497	0.007	0.33743877625379987	15	11959.331670466916
708	0.6666666666666666	0.529	0.464	0.007	0.33120979256189387	15	11954.834546599222
709	0.6666666666666666	0.558	0.436	0.006	0.32574674810219206	15	11951.093089550255
710	0.6666666666666666	0.012	0.855	0.133	2.606375107336926	15	13513.019431844816
711	0.666	0.118	0.763	0.118	2.33329499505391	15	13324.397969646976
712	0.6666666666666666	0.204	0.689	0.107	2.12651693939572	15	13184.380567894148
713	0.666	0.274	0.628	0.097	1.956948731140491	15	13066.908705379417
714	0.666	0.333	0.577	0.089	1.8153809718637488	15	12970.050621015489
715	0.6666666666666666	0.383	0.534	0.083	1.6953952265218826	15	12889.11967747062
716	0.6673333333333332	0.427	0.497	0.077	1.592417890061295	15	12819.684526238952
717	0.6666666666666666	0.464	0.464	0.072	1.4986944524610752	15	12754.405874008842
718	0.6666666666666666	0.497	0.436	0.067	1.420976851816051	15	12701.179679913752
719	0.6666666666666666	0.526	0.41	0.064	1.3522892729609235	15	12654.137846741838
720	0.6666666666666666	0.011	0.763	0.226	4.364234728656154	15	14716.918891165644
721	0.6666666666666666	0.107	0.689	0.204	3.928941494423791	15	14418.801064814374
722	0.6666666666666666	0.186	0.628	0.186	3.59278843187721	15	14188.581037378304
723	0.6666666666666666	0.252	0.577	0.171	3.3128253291882537	15	13996.84364045006
724	0.6666666666666666	0.308	0.534	0.158	3.076027502843437	15	13834.668702447376
725	0.6673333333333332	0.357	0.497	0.147	2.873147304200338	15	13697.690539887075
726	0.6666666666666666	0.399	0.464	0.137	2.697374795164124	15	13575.342084714735
727	0.6673333333333332	0.436	0.436	0.129	2.536048420381504	15	13466.591883200117
728	0.6659999999999999	0.468	0.41	0.121	2.4012679174206255	15	13370.903806023094
729	0.6666666666666666	0.497	0.388	0.115	2.2814500535081104	15	13290.489093312588
730	0.6666666666666666	0.01	0.689	0.301	5.8144878820030055	15	15710.148934121124
731	0.666	0.097	0.628	0.274	5.272529538861811	15	15335.368750451644
732	0.6666666666666666	0.171	0.577	0.252	4.8470409018325356	15	15047.576745635042
733	0.6666666666666666	0.233	0.534	0.233	4.487916005822383	15	14801.624075187556
734	0.6673333333333332	0.287	0.497	0.217	4.180763467231589	15	14594.1288054646
735	0.6666666666666666	0.333	0.464	0.203	3.915049750757724	15	14409.287072635607
736	0.6666666666666666	0.374	0.436	0.19	3.6829222836074393	15	14250.310707966615
737	0.6659999999999999	0.41	0.41	0.179	3.4783938225415216	15	14107.85374661534
738	0.6666666666666666	0.443	0.388	0.169	3.2878126160434	15	13979.713266974257
739	0.6673333333333332	0.472	0.368	0.161	3.126443868113303	15	13871.338387665674
740	0.6666666666666666	0.009	0.628	0.363	7.031395316238079	15	16543.568272247583
741	0.666	0.089	0.577	0.333	6.4473715868998625	15	16139.174297594003
742	0.6666666666666666	0.158	0.534	0.308	5.932143870593126	15	15790.727598840213
743	0.6673333333333332	0.217	0.497	0.287	5.516134387001042	15	15509.59438708129
744	0.6666666666666666	0.268	0.464	0.268	5.156812866753697	15	15259.72923867738
745	0.6673333333333332	0.313	0.436	0.252	4.8433345217153665	15	15048.355407808234
746	0.6666666666666666	0.353	0.41	0.237	4.553822398980065	15	14846.76116698148
747	0.6666666666666666	0.388	0.388	0.224	4.310639080921645	15	14680.21301855387
748	0.6666666666666666	0.42	0.368	0.212	4.093426066245986	15	14531.451065236333
749	0.6666666666666666	0.448	0.35	0.202	3.8982383183384766	15	14397.773482952744
750	0.6666666666666666	0.008	0.577	0.415	8.95918682061729	15	17863.848413880092
751	0.6666666666666666	0.083	0.534	0.383	8.273776155862809	15	17394.43349661191
752	0.6673333333333332	0.147	0.497	0.357	7.715528232086797	15	17017.392209983725
753	0.6666666666666666	0.203	0.464	0.333	7.229839668331927	15	16679.476194184925
754	0.6673333333333332	0.252	0.436	0.313	6.803434091459753	15	16392.104673332506
755	0.6666666666666666	0.295	0.41	0.295	6.426064031555601	15	16128.997053078045
756	0.6666666666666666	0.333	0.388	0.279	6.089742227072955	15	15898.661459914696
757	0.6666666666666666	0.368	0.368	0.264	5.773104667564041	15	15681.806949992359
758	0.6666666666666666	0.399	0.35	0.251	5.502522847344245	15	15496.494480717829
759	0.6659999999999999	0.427	0.333	0.239	5.2571618858695395	15	15324.854481965616
760	0.6673333333333334	0.008	0.534	0.459	9.69793083494514	15	18376.431354057255
761	0.6673333333333332	0.077	0.497	0.427	9.033992495372352	15	17921.26740732434
762	0.6666666666666666	0.137	0.464	0.399	8.457193650946081	15	17520.05002507794
763	0.6666666666666666	0.19	0.436	0.374	7.951394776829712	15	17173.645236158107
764	0.6666666666666666	0.237	0.41	0.353	7.5042723839295	15	16867.426013340515
765	0.6666666666666666	0.279	0.388	0.333	7.106179070333848	15	16594.785172635973
766	0.6666666666666666	0.316	0.368	0.316	6.749458077547462	15	16350.47885537634
767	0.6666666666666666	0.35	0.35	0.3	6.411944887712467	15	16119.327322098012
768	0.6659999999999999	0.38	0.333	0.286	6.122204703076511	15	15916.701033719351
769	0.6666666666666666	0.408	0.318	0.274	5.8584560092688385	15	15740.261238881252
770	0.6673333333333332	0.007	0.497	0.497	10.417625424699736	15	18869.81908359522
771	0.6666666666666666	0.072	0.464	0.464	9.7081377268313	15	18376.77992451586
772	0.6673333333333332	0.129	0.436	0.436	9.120066216327064	15	17980.27537870455
773	0.6659999999999999	0.179	0.41	0.41	8.600810218418427	15	17612.517816695912
774	0.6666666666666666	0.224	0.388	0.388	8.138916251857605	15	17302.072443688878
775	0.6666666666666666	0.264	0.368	0.368	7.725420796162375	15	17018.88318926507
776	0.6666666666666666	0.3	0.35	0.35	7.353051533987994	15	16763.859893910576
777	0.666	0.333	0.333	0.333	6.999134255236303	15	16516.68027318923
778	0.666	0.363	0.318	0.318	6.694075679154601	15	16307.964747500217
779	0.6673333333333332	0.391	0.305	0.305	6.415367347170342	15	16126.064921749225
780	0.6666666666666666	0.007	0.464	0.529	10.98337984018935	15	19250.150739884346
781	0.6666666666666666	0.067	0.436	0.497	10.343345974009313	15	18811.812879399844
782	0.6659999999999999	0.121	0.41	0.468	9.716113289163324	15	18375.58787918368
783	0.6666666666666666	0.169	0.388	0.443	9.188365463012733	15	18020.805226768654
784	0.6666666666666666	0.212	0.368	0.42	8.716315152953875	15	17697.513704419674
785	0.6666666666666666	0.251	0.35	0.399	8.291590656289664	15	17406.63405413758
786	0.6659999999999999	0.286	0.333	0.38	7.907382034925266	15	17138.08687394283
787	0.666	0.318	0.318	0.363	7.540710638483741	15	16887.216977916956
788	0.6673333333333332	0.348	0.305	0.348	7.223430262061459	15	16680.033692082634
789	0.666	0.374	0.292	0.333	6.932596318053907	15	16471.156227559495
790	0.6666666666666666	0.006	0.436	0.558	11.559509665436543	15	19644.72285286864
791	0.6666666666666666	0.064	0.41	0.526	10.850694413077559	15	19159.27891370305
792	0.6666666666666666	0.115	0.388	0.497	10.254918519840821	15	18751.25186362165
793	0.6673333333333332	0.161	0.368	0.472	9.722512713745612	15	18393.28349876113
794	0.6666666666666666	0.202	0.35	0.448	9.243857655652771	15	18058.809979768062
795	0.6659999999999999	0.239	0.333	0.427	8.811234398749704	15	17756.486211158488
796	0.6666666666666666	0.274	0.318	0.408	8.398590576881208	15	17479.91473308671
797	0.6673333333333332	0.305	0.305	0.391	8.041762271976225	15	17241.04245625545
798	0.666	0.333	0.292	0.374	7.714863431741705	15	17006.369149483216
799	0.6673333333333332	0.36	0.281	0.36	7.414267335168734	15	16810.862340168173
800	0.6666666666666666	0.012	0.976	0.012	0.43145718777841524	15	12023.490646003178
801	0.6666666666666666	0.118	0.871	0.011	0.4105398759371599	15	12009.16507636683
802	0.6666666666666666	0.204	0.786	0.01	0.3937841824885834	15	11997.689660447015
803	0.6666666666666666	0.274	0.717	0.009	0.3807986845907845	15	11988.796325786741
804	0.6666666666666666	0.333	0.659	0.008	0.36923582653498166	15	11980.877309732925
805	0.6666666666666666	0.383	0.609	0.008	0.3594514995153283	15	11974.176350301397
806	0.6666666666666666	0.427	0.566	0.007	0.35106346830979246	15	11968.431667329767
807	0.6666666666666666	0.464	0.529	0.007	0.34379721129695956	15	11963.455250110244
808	0.6666666666666666	0.497	0.497	0.006	0.33743877625379987	15	11959.100569897018
809	0.6666666666666666	0.526	0.468	0.006	0.33213906474951105	15	11955.470974144782
810	0.6666666666666666	0.011	0.871	0.118	2.606375107336926	15	13513.019431844816
811	0.6666666666666666	0.107	0.786	0.107	2.3701685268511703	15	13351.249418422805
812	0.6666666666666666	0.186	0.717	0.097	2.176856846946749	15	13218.856692578931
813	0.6666666666666666	0.252	0.659	0.089	2.0157586552507603	15	13108.52591102607
814	0.6666666666666666	0.308	0.609	0.083	1.8868337015452576	15	13020.229507731628
815	0.6666666666666666	0.357	0.566	0.077	1.7689426632638776	15	12939.489865313988
816	0.6666666666666666	0.399	0.529	0.072	1.6668123346492796	15	12869.544207590137
817	0.6666666666666666	0.436	0.497	0.067	1.5774817505770447	15	12808.364668245198
818	0.6666666666666666	0.468	0.468	0.064	1.4986944524610752	15	12754.405874008842
819	0.6666666666666666	0.497	0.443	0.06	1.432592647797748	15	12709.134951388418
820	0.6666666666666666	0.01	0.786	0.204	4.364234728656154	15	14716.918891165644
821	0.6666666666666666	0.097	0.717	0.186	3.9882701709314485	15	14459.433297731917
822	0.6673333333333334	0.171	0.659	0.171	3.6751598851784433	15	14247.511494529239
823	0.6666666666666666	0.233	0.609	0.158	3.410352235835891	15	14063.63656791614
824	0.6666666666666666	0.287	0.566	0.147	3.1959084923008128	15	13916.771196093749
825	0.666	0.333	0.529	0.137	2.997738400018971	15	13778.9980544541
826	0.6666666666666666	0.374	0.497	0.129	2.8245021019662397	15	13662.407339566613
827	0.6659999999999999	0.41	0.468	0.121	2.6717308692877184	15	13555.949635264835
828	0.6673333333333334	0.443	0.443	0.115	2.536048420381504	15	13466.591883200119
829	0.6673333333333332	0.472	0.42	0.109	2.4214960429519357	15	13388.060325206297
830	0.6666666666666666	0.009	0.717	0.274	5.8144878820030055	15	15710.148934121124
831	0.6666666666666666	0.089	0.659	0.252	5.347005230180635	15	15389.985648643044
832	0.6666666666666666	0.158	0.609	0.233	4.951874312398651	15	15119.373654084757
833	0.6666666666666666	0.217	0.566	0.217	4.613513421605603	15	14887.641558676958
834	0.6666666666666666	0.268	0.529	0.203	4.336675726935185	15	14698.044649520343
835	0.6666666666666666	0.313	0.497	0.19	4.078519580639334	15	14521.242110127192
836	0.6666666666666666	0.353	0.468	0.179	3.850978718542642	15	14365.40695837257
837	0.6666666666666666	0.388	0.443	0.169	3.648912342915345	15	14227.018433251289
838	0.6673333333333332	0.42	0.42	0.161	3.468287416271055	15	14105.689756265327
839	0.6666666666666666	0.448	0.399	0.153	3.314944242877857	15	13998.294813805614
840	0.6666666666666666	0.008	0.659	0.333	7.031395316238079	15	16543.568272247583
841	0.6666666666666666	0.083	0.609	0.308	6.504079175353567	15	16182.427024560478
842	0.6666666666666666	0.147	0.566	0.287	6.052753426745925	15	15873.329063530726
843	0.6666666666666666	0.203	0.529	0.268	5.662124991088003	15	15605.80066889647
844	0.6673333333333332	0.252	0.497	0.252	5.339596499586696	15	15388.568567672957
845	0.6666666666666666	0.295	0.468	0.237	5.0364775006617375	15	15177.315557619868
846	0.6666666666666666	0.333	0.443	0.224	4.767366379656439	15	14993.010321214038
847	0.6666666666666666	0.368	0.42	0.212	4.526861773889163	15	14828.296733544224
848	0.6666666666666666	0.399	0.399	0.202	4.310639080921645	15	14680.21301855387
849	0.666	0.427	0.38	0.192	4.12616924495115	15	14551.049901115319
850	0.6666666666666666	0.008	0.609	0.383	8.067049387908959	15	17252.85322413258
851	0.6666666666666666	0.077	0.566	0.357	7.501291642865205	15	16865.384603143615
852	0.666	0.137	0.529	0.333	7.011804229941234	15	16525.348839288807
853	0.6666666666666666	0.19	0.497	0.313	6.607815859680109	15	16253.47282176625
854	0.6666666666666666	0.237	0.468	0.295	6.228268090971918	15	15993.5332065703
855	0.6673333333333334	0.279	0.443	0.279	5.891428155713749	15	15766.877605672733
856	0.6666666666666666	0.316	0.42	0.264	5.590485303256289	15	15556.737034690123
857	0.6666666666666666	0.35	0.399	0.251	5.3199748579275195	15	15371.473447699293
858	0.666	0.38	0.38	0.239	5.075504841526378	15	15200.568038384232
859	0.6666666666666666	0.408	0.363	0.229	4.866006711762662	15	15060.565796662522
860	0.6666666666666666	0.007	0.566	0.427	8.95918682061729	15	17863.848413880092
861	0.6666666666666666	0.072	0.529	0.399	8.369621419094162	15	17460.074722556954
862	0.6666666666666666	0.129	0.497	0.374	7.854770585088559	15	17107.470548040983
863	0.6666666666666666	0.179	0.468	0.353	7.401239881817812	15	16796.862487060956
864	0.6666666666666666	0.224	0.443	0.333	7.021143796632142	15	16536.5473481868
865	0.6666666666666666	0.264	0.42	0.316	6.659162004372433	15	16288.638084727867
866	0.666	0.3	0.399	0.3	6.333865739551102	15	16061.515662644404
867	0.666	0.333	0.38	0.286	6.0399535156852036	15	15860.426268277832
868	0.6666666666666666	0.363	0.363	0.274	5.773104667564041	15	15681.806949992359
869	0.6673333333333332	0.391	0.348	0.262	5.543466476784998	15	15528.331943141886
870	0.6666666666666666	0.007	0.529	0.464	9.73565874686409	15	18395.628153768987
871	0.6666666666666666	0.067	0.497	0.436	9.132553721112806	15	17982.58162513279
872	0.6659999999999999	0.121	0.468	0.41	8.60151817569686	15	17613.002188180995
873	0.6666666666666666	0.169	0.443	0.388	8.156573427956474	15	17314.165255026455
874	0.6666666666666666	0.212	0.42	0.368	7.732929565118997	15	17024.025694831165
875	0.6666666666666666	0.251	0.399	0.35	7.352351038782764	15	16763.380148094355
876	0.666	0.286	0.38	0.333	7.00856085331117	15	16523.12978002797
877	0.666	0.318	0.363	0.318	6.696492586737254	15	16309.61835168055
878	0.6673333333333332	0.348	0.348	0.305	6.411944887712467	15	16123.718649420109
879	0.6659999999999999	0.374	0.333	0.292	6.166128485087199	15	15946.752885958233
880	0.6666666666666666	0.006	0.497	0.497	10.417625424699736	15	18862.684399196027
881	0.6666666666666666	0.064	0.468	0.468	9.808189840975306	15	18445.30228242262
882	0.6673333333333334	0.115	0.443	0.443	9.26762139582722	15	18081.43205826216
883	0.6673333333333332	0.161	0.42	0.42	8.784895361276856	15	17750.498485096236
884	0.6666666666666666	0.202	0.399	0.399	8.375474005840449	15	17464.08296413326
885	0.666	0.239	0.38	0.38	7.981371354840167	15	17188.709020022983
886	0.6666666666666666	0.274	0.363	0.363	7.623692041217417	15	16949.212555961767
887	0.6673333333333332	0.305	0.348	0.348	7.29761239540262	15	16730.889367340606
888	0.666	0.333	0.333	0.333	6.999134255236303	15	16516.68027318923
889	0.6666666666666666	0.36	0.32	0.32	6.740404170841106	15	16344.278136470046
890	0.6666666666666666	0.006	0.468	0.526	11.021330629178763	15	19276.141970236895
891	0.6666666666666666	0.06	0.443	0.497	10.41067047265648	15	18857.921184373336
892	0.6673333333333332	0.109	0.42	0.472	9.865513110336202	15	18491.317639911085
893	0.6666666666666666	0.153	0.399	0.448	9.375825574482697	15	18149.19040844405
894	0.666	0.192	0.38	0.427	8.958383207717706	15	17857.162748146075
895	0.6666666666666666	0.229	0.363	0.408	8.554721468667992	15	17586.843576508418
896	0.6673333333333332	0.262	0.348	0.391	8.186797998120941	15	17340.471920702075
897	0.6659999999999999	0.292	0.333	0.374	7.850059691458846	15	17098.867969809755
898	0.6666666666666666	0.32	0.32	0.36	7.540710638483741	15	16892.38135927623
899	0.6666666666666666	0.346	0.308	0.346	7.271692459064894	15	16708.139775464908
900	0.6666666666666666	0.011	0.978	0.011	0.43145718777841524	15	12023.490646003178
901	0.6666666666666666	0.107	0.883	0.01	0.41275762406103345	15	12010.683938131933
902	0.6666666666666666	0.186	0.805	0.009	0.3974198766445185	15	12000.179626184608
903	0.6666666666666666	0.252	0.74	0.008	0.38461190559924463	15	11991.407873748069
904	0.6666666666666666	0.308	0.684	0.008	0.3737560049099541	15	11983.97302922933
905	0.6666666666666666	0.357	0.636	0.007	0.3644349327286608	15	11977.589337594769
906	0.6673333333333332	0.399	0.595	0.007	0.3563475234060717	15	11972.294591070568
907	0.6666666666666666	0.436	0.558	0.006	0.3492630620339045	15	11967.198629084953
908	0.6666666666666666	0.468	0.526	0.006	0.34300490929232524	15	11962.912628877337
909	0.666	0.497	0.497	0.005	0.33743877625379987	15	11958.869469327123
910	0.6666666666666666	0.01	0.883	0.107	2.606375107336926	15	13513.019431844816
911	0.666	0.097	0.805	0.097	2.395472763102622	15	13366.938866910525
912	0.6666666666666666	0.171	0.74	0.089	2.2191261790891073	15	13247.805549185494
913	0.6666666666666666	0.233	0.684	0.083	2.069466406740233	15	13145.308559762827
914	0.6666666666666666	0.287	0.636	0.077	1.9408527058680045	15	13057.2253231588
915	0.6666666666666666	0.333	0.595	0.072	1.8291808506687381	15	12980.744991927997
916	0.666	0.374	0.558	0.067	1.7312658115020305	15	12912.50055919192
917	0.6666666666666666	0.41	0.526	0.064	1.644741253583092	15	12854.428459870607
918	0.6666666666666666	0.443	0.497	0.06	1.5677163469219062	15	12801.67666879525
919	0.6673333333333332	0.472	0.472	0.057	1.4986944524610752	15	12755.43227988285
920	0.6666666666666666	0.009	0.805	0.186	2.606375107336926	15	13513.019431844816
921	0.6666666666666666	0.089	0.74	0.171	2.395472763102622	15	13368.579446356882
922	0.6666666666666666	0.158	0.684	0.158	2.2191261790891073	15	13247.805549185494
923	0.6666666666666666	0.217	0.636	0.147	2.069466406740233	15	13145.308559762827
924	0.6666666666666666	0.268	0.595	0.137	1.9408527058680045	15	13057.2253231588
925	0.6666666666666666	0.313	0.558	0.129	1.8291808506687381	15	12980.744991927997
926	0.6666666666666666	0.353	0.526	0.121	1.7312658115020305	15	12913.686245437357
927	0.6666666666666666	0.388	0.497	0.115	1.644741253583092	15	12854.428459870607
928	0.6673333333333332	0.42	0.472	0.109	1.5677163469219062	15	12802.750345464045
929	0.666	0.448	0.448	0.103	1.4986944524610752	15	12753.379468134834
930	0.6666666666666666	0.008	0.74	0.252	4.364234728656154	15	14716.918891165644
931	0.6666666666666666	0.083	0.684	0.233	4.02891804884659	15	14487.271674386735
932	0.6666666666666666	0.147	0.636	0.217	3.7440334003893643	15	14292.16367481333
933	0.6673333333333332	0.203	0.595	0.203	3.4990223726551246	15	14126.760152741359
934	0.6666666666666666	0.252	0.558	0.19	3.2860417677415574	15	13978.5004720006
935	0.6666666666666666	0.295	0.526	0.179	3.0992189683901943	15	13850.551764151498
936	0.666	0.333	0.497	0.169	2.934002869983332	15	13735.391364790363
937	0.6673333333333332	0.368	0.472	0.161	2.786841439393461	15	13638.52342193306
938	0.6666666666666666	0.399	0.448	0.153	2.654942900685225	15	13546.28189458262
939	0.6666666666666666	0.427	0.427	0.146	2.536048420381504	15	13464.855028171945
940	0.6666666666666666	0.008	0.684	0.308	5.8144878820030055	15	15710.148934121124
941	0.6666666666666666	0.077	0.636	0.287	5.397894265020078	15	15424.837852303417
942	0.6666666666666666	0.137	0.595	0.268	5.039235373368806	15	15179.20433270785
943	0.6666666666666666	0.19	0.558	0.252	4.7272406647725465	15	14965.529556613892
944	0.6666666666666666	0.237	0.526	0.237	4.453354685008605	15	14777.954178606227
945	0.6666666666666666	0.279	0.497	0.224	4.210994310280187	15	14611.96963663389
946	0.6666666666666666	0.316	0.472	0.212	3.9950015554120153	15	14464.043398583175
947	0.6666666666666666	0.35	0.448	0.202	3.801299257372836	15	14331.38315139941
948	0.666	0.38	0.427	0.192	3.6266202609773828	15	14209.267578071976
949	0.6666666666666666	0.408	0.408	0.184	3.468287416271055	15	14103.314441823502
950	0.6666666666666666	0.007	0.636	0.357	7.031395316238079	15	16543.568272247583
951	0.6666666666666666	0.072	0.595	0.333	6.561821773396812	15	16221.97300520703
952	0.6666666666666666	0.129	0.558	0.313	6.153006481604612	15	15941.989039034945
953	0.6666666666666666	0.179	0.526	0.295	5.793853712882868	15	15696.01727949638
954	0.6666666666666666	0.224	0.497	0.279	5.475861325999267	15	15478.234893466031
955	0.6666666666666666	0.264	0.472	0.264	5.192317946067295	15	15284.04548399662
956	0.6659999999999999	0.3	0.448	0.251	4.93791246149503	15	15106.4298361481
957	0.666	0.333	0.427	0.239	4.708378707507666	15	14949.387019184269
958	0.6666666666666666	0.363	0.408	0.229	4.500236464403963	15	14810.061946588128
959	0.6673333333333332	0.391	0.391	0.219	4.310639080921645	15	14683.165231572424
960	0.6673333333333332	0.007	0.595	0.399	8.067049387908959	15	17258.378077356712
961	0.666	0.067	0.558	0.374	7.563565470199244	15	16902.853837818766
962	0.6666666666666666	0.121	0.526	0.353	7.120947366746918	15	16604.89948657274
963	0.666	0.169	0.497	0.333	6.728790481220667	15	16331.715983264421
964	0.6666666666666666	0.212	0.472	0.316	6.3789395503304185	15	16096.723066702958
965	0.6659999999999999	0.251	0.448	0.3	6.06488288881461	15	15877.482491658378
966	0.6659999999999999	0.286	0.427	0.286	5.78142557339862	15	15683.546155373899
967	0.6666666666666666	0.318	0.408	0.274	5.524280876971094	15	15511.395829941603
968	0.6673333333333332	0.348	0.391	0.262	5.289941704503878	15	15354.527646766579
969	0.666	0.374	0.374	0.251	5.089228343696787	15	15209.957408801485
970	0.6666666666666666	0.006	0.558	0.436	8.95918682061729	15	17863.848413880092
971	0.6666666666666666	0.064	0.526	0.41	8.434819648344302	15	17504.726816496066
972	0.6666666666666666	0.115	0.497	0.388	7.969946527469993	15	17186.35071177995
973	0.6673333333333332	0.161	0.472	0.368	7.555008244400078	15	16907.34748629445
974	0.6666666666666666	0.202	0.448	0.35	7.1823556657482115	15	16646.955983615422
975	0.666	0.239	0.427	0.333	6.845844859522014	15	16411.80245850852
976	0.6666666666666666	0.274	0.408	0.318	6.540464529299372	15	16207.34614063283
977	0.6673333333333332	0.305	0.391	0.305	6.262063824167633	15	16020.967456489318
978	0.666	0.333	0.374	0.292	6.007228837415925	15	15838.036638995134
979	0.6673333333333332	0.36	0.36	0.281	5.773104667564041	15	15685.76075694235
980	0.6666666666666666	0.006	0.526	0.468	9.73565874686409	15	18395.628153768987
981	0.6666666666666666	0.06	0.497	0.443	9.19951527904529	15	18028.441364108818
982	0.6673333333333332	0.109	0.472	0.42	8.720669154692914	15	17706.46811069243
983	0.6666666666666666	0.153	0.448	0.399	8.29043441827659	15	17405.842185263693
984	0.666	0.192	0.427	0.38	7.901759004413083	15	17134.23969880555
985	0.6666666666666666	0.229	0.408	0.363	7.548885422260565	15	16897.979996192185
986	0.6673333333333332	0.262	0.391	0.348	7.227088190566747	15	16682.541390578255
987	0.666	0.292	0.374	0.333	6.932453960598409	15	16471.058829179347
988	0.6666666666666666	0.32	0.36	0.32	6.679042737577188	15	16302.253736208697
989	0.6666666666666666	0.346	0.346	0.308	6.411944887712467	15	16119.327322098012
990	0.666	0.005	0.497	0.497	10.417625424699736	15	18855.54971479683
991	0.6673333333333332	0.057	0.472	0.472	9.876066344853129	15	18498.55242601579
992	0.666	0.103	0.448	0.448	9.389245210043953	15	18151.95068844925
993	0.6666666666666666	0.146	0.427	0.427	8.949251196389131	15	17857.043836033703
994	0.6666666666666666	0.184	0.408	0.408	8.549653619498887	15	17583.372775540804
995	0.6673333333333332	0.219	0.391	0.391	8.185120679899903	15	17339.322032623753
996	0.666	0.251	0.374	0.374	7.851243586836624	15	17099.677969480337
997	0.6673333333333332	0.281	0.36	0.36	7.544282743101444	15	16899.9946024334
998	0.6666666666666666	0.308	0.346	0.346	7.261145557589199	15	16700.91655420759
999	0.666	0.333	0.333	0.333	6.999134255236303	15	16516.68027318923
